---,name,path,type
Belt02SK,Belt02SK,SkeletalMesh'/Game/MMORPG/Models/Meshes/ModularBodyParts/Belt02SK.Belt02SK',Belt
Belt03SK,Belt03SK,SkeletalMesh'/Game/MMORPG/Models/Meshes/ModularBodyParts/Belt03SK.Belt03SK',Belt
Cloth01SK,Cloth01SK,SkeletalMesh'/Game/MMORPG/Models/Meshes/ModularBodyParts/Cloth01SK.Cloth01SK',Cloth
Cloth02SK,Cloth02SK,SkeletalMesh'/Game/MMORPG/Models/Meshes/ModularBodyParts/Cloth02SK.Cloth02SK',Cloth
Cloth03SK,Cloth03SK,SkeletalMesh'/Game/MMORPG/Models/Meshes/ModularBodyParts/Cloth03SK.Cloth03SK',Cloth
Cloth04SK,Cloth04SK,SkeletalMesh'/Game/MMORPG/Models/Meshes/ModularBodyParts/Cloth04SK.Cloth04SK',Cloth
Cloth05SK,Cloth05SK,SkeletalMesh'/Game/MMORPG/Models/Meshes/ModularBodyParts/Cloth05SK.Cloth05SK',Cloth
Cloth06SK,Cloth06SK,SkeletalMesh'/Game/MMORPG/Models/Meshes/ModularBodyParts/Cloth06SK.Cloth06SK',Cloth
Cloth07SK,Cloth07SK,SkeletalMesh'/Game/MMORPG/Models/Meshes/ModularBodyParts/Cloth07SK.Cloth07SK',Cloth
Crown01SK,Crown01SK,SkeletalMesh'/Game/MMORPG/Models/Meshes/ModularBodyParts/Crown01SK.Crown01SK',Crown
Crown02SK,Crown02SK,SkeletalMesh'/Game/MMORPG/Models/Meshes/ModularBodyParts/Crown02SK.Crown02SK',Crown
Crown03SK,Crown03SK,SkeletalMesh'/Game/MMORPG/Models/Meshes/ModularBodyParts/Crown03SK.Crown03SK',Crown
Crown04SK,Crown04SK,SkeletalMesh'/Game/MMORPG/Models/Meshes/ModularBodyParts/Crown04SK.Crown04SK',Crown
Face01SK,Face01SK,SkeletalMesh'/Game/MMORPG/Models/Meshes/ModularBodyParts/Face01SK.Face01SK',Face
Face02SK,Face02SK,SkeletalMesh'/Game/MMORPG/Models/Meshes/ModularBodyParts/Face02SK.Face02SK',Face
Face03SK,Face03SK,SkeletalMesh'/Game/MMORPG/Models/Meshes/ModularBodyParts/Face03SK.Face03SK',Face
Face04SK,Face04SK,SkeletalMesh'/Game/MMORPG/Models/Meshes/ModularBodyParts/Face04SK.Face04SK',Face
Glove01SK,Glove01SK,SkeletalMesh'/Game/MMORPG/Models/Meshes/ModularBodyParts/Glove01SK.Glove01SK',Glove
Glove02SK,Glove02SK,SkeletalMesh'/Game/MMORPG/Models/Meshes/ModularBodyParts/Glove02SK.Glove02SK',Glove
Glove03SK,Glove03SK,SkeletalMesh'/Game/MMORPG/Models/Meshes/ModularBodyParts/Glove03SK.Glove03SK',Glove
Glove04SK,Glove04SK,SkeletalMesh'/Game/MMORPG/Models/Meshes/ModularBodyParts/Glove04SK.Glove04SK',Glove
Glove05SK,Glove05SK,SkeletalMesh'/Game/MMORPG/Models/Meshes/ModularBodyParts/Glove05SK.Glove05SK',Glove
Glove06SK,Glove06SK,SkeletalMesh'/Game/MMORPG/Models/Meshes/ModularBodyParts/Glove06SK.Glove06SK',Glove
Hair01HalfSK,Hair01HalfSK,SkeletalMesh'/Game/MMORPG/Models/Meshes/ModularBodyParts/Hair01HalfSK.Hair01HalfSK',Hair
Hair01SK,Hair01SK,SkeletalMesh'/Game/MMORPG/Models/Meshes/ModularBodyParts/Hair01SK.Hair01SK',Hair
Hair02HalfSK,Hair02HalfSK,SkeletalMesh'/Game/MMORPG/Models/Meshes/ModularBodyParts/Hair02HalfSK.Hair02HalfSK',Hair
Hair02SK,Hair02SK,SkeletalMesh'/Game/MMORPG/Models/Meshes/ModularBodyParts/Hair02SK.Hair02SK',Hair
Hair03HalfSK,Hair03HalfSK,SkeletalMesh'/Game/MMORPG/Models/Meshes/ModularBodyParts/Hair03HalfSK.Hair03HalfSK',Hair
Hair03SK,Hair03SK,SkeletalMesh'/Game/MMORPG/Models/Meshes/ModularBodyParts/Hair03SK.Hair03SK',Hair
Hair04HalfSK,Hair04HalfSK,SkeletalMesh'/Game/MMORPG/Models/Meshes/ModularBodyParts/Hair04HalfSK.Hair04HalfSK',Hair
Hair04SK,Hair04SK,SkeletalMesh'/Game/MMORPG/Models/Meshes/ModularBodyParts/Hair04SK.Hair04SK',Hair
Hair05HalfSK,Hair05HalfSK,SkeletalMesh'/Game/MMORPG/Models/Meshes/ModularBodyParts/Hair05HalfSK.Hair05HalfSK',Hair
Hair05SK,Hair05SK,SkeletalMesh'/Game/MMORPG/Models/Meshes/ModularBodyParts/Hair05SK.Hair05SK',Hair
Hat01SK,Hat01SK,SkeletalMesh'/Game/MMORPG/Models/Meshes/ModularBodyParts/Hat01SK.Hat01SK',Hat
Hat02SK,Hat02SK,SkeletalMesh'/Game/MMORPG/Models/Meshes/ModularBodyParts/Hat02SK.Hat02SK',Hat
Hat03SK,Hat03SK,SkeletalMesh'/Game/MMORPG/Models/Meshes/ModularBodyParts/Hat03SK.Hat03SK',Hat
Helm01SK,Helm01SK,SkeletalMesh'/Game/MMORPG/Models/Meshes/ModularBodyParts/Helm01SK.Helm01SK',Helm
Helm02SK,Helm02SK,SkeletalMesh'/Game/MMORPG/Models/Meshes/ModularBodyParts/Helm02SK.Helm02SK',Helm
Helm03SK,Helm03SK,SkeletalMesh'/Game/MMORPG/Models/Meshes/ModularBodyParts/Helm03SK.Helm03SK',Helm
Helm04SK,Helm04SK,SkeletalMesh'/Game/MMORPG/Models/Meshes/ModularBodyParts/Helm04SK.Helm04SK',Helm
Helm05SK,Helm05SK,SkeletalMesh'/Game/MMORPG/Models/Meshes/ModularBodyParts/Helm05SK.Helm05SK',Helm
Helm06SK,Helm06SK,SkeletalMesh'/Game/MMORPG/Models/Meshes/ModularBodyParts/Helm06SK.Helm06SK',Helm
Helm07SK,Helm07SK,SkeletalMesh'/Game/MMORPG/Models/Meshes/ModularBodyParts/Helm07SK.Helm07SK',Helm
Shoe01SK,Shoe01SK,SkeletalMesh'/Game/MMORPG/Models/Meshes/ModularBodyParts/Shoe01SK.Shoe01SK',Shoe
Shoe02SK,Shoe02SK,SkeletalMesh'/Game/MMORPG/Models/Meshes/ModularBodyParts/Shoe02SK.Shoe02SK',Shoe
Shoe03SK,Shoe03SK,SkeletalMesh'/Game/MMORPG/Models/Meshes/ModularBodyParts/Shoe03SK.Shoe03SK',Shoe
Shoe04SK,Shoe04SK,SkeletalMesh'/Game/MMORPG/Models/Meshes/ModularBodyParts/Shoe04SK.Shoe04SK',Shoe
Shoe05SK,Shoe05SK,SkeletalMesh'/Game/MMORPG/Models/Meshes/ModularBodyParts/Shoe05SK.Shoe05SK',Shoe
Shoe06SK,Shoe06SK,SkeletalMesh'/Game/MMORPG/Models/Meshes/ModularBodyParts/Shoe06SK.Shoe06SK',Shoe
ShoulderPad01SK,ShoulderPad01SK,SkeletalMesh'/Game/MMORPG/Models/Meshes/ModularBodyParts/ShoulderPad01SK.ShoulderPad01SK',ShoulderPad
ShoulderPad02SK,ShoulderPad02SK,SkeletalMesh'/Game/MMORPG/Models/Meshes/ModularBodyParts/ShoulderPad02SK.ShoulderPad02SK',ShoulderPad
ShoulderPad03SK,ShoulderPad03SK,SkeletalMesh'/Game/MMORPG/Models/Meshes/ModularBodyParts/ShoulderPad03SK.ShoulderPad03SK',ShoulderPad
ShoulderPad04SK,ShoulderPad04SK,SkeletalMesh'/Game/MMORPG/Models/Meshes/ModularBodyParts/ShoulderPad04SK.ShoulderPad04SK',ShoulderPad
ShoulderPad05SK,ShoulderPad05SK,SkeletalMesh'/Game/MMORPG/Models/Meshes/ModularBodyParts/ShoulderPad05SK.ShoulderPad05SK',ShoulderPad
ShoulderPad06SK,ShoulderPad06SK,SkeletalMesh'/Game/MMORPG/Models/Meshes/ModularBodyParts/ShoulderPad06SK.ShoulderPad06SK',ShoulderPad
Belt01SK,Belt01SK,SkeletalMesh'/Game/MMORPG/Models/Meshes/ModularBodyParts/Belt01SK.Belt01SK',Belt
